Date,Name,Year,Letterboxd URI
2023-01-28,Vertigo,1958,https://boxd.it/2apI
2023-02-04,Apocalypse Now,1979,https://boxd.it/6ZS
2023-02-04,The Deer Hunter,1978,https://boxd.it/1T6O
2023-04-10,The King of Kings,1927,https://boxd.it/FAy
2023-04-10,Mars One,2022,https://boxd.it/yoPa
2023-04-24,The Stepford Wives,1975,https://boxd.it/1Sfq
2023-05-09,Ruby Sparks,2012,https://boxd.it/3w9O
2023-05-24,Serpico,1973,https://boxd.it/1ZjE
2023-05-25,Ip Man,2008,https://boxd.it/1NrQ
2023-05-27,Once,2007,https://boxd.it/22GG
2023-05-27,Dead Man's Letters,1986,https://boxd.it/2wKy
2023-06-02,Holiday,1938,https://boxd.it/1Ks2
2023-06-11,Breaking the Waves,1996,https://boxd.it/2b1W
2023-06-15,Fort Apache,1948,https://boxd.it/18u0
2023-06-17,Insomnia,2002,https://boxd.it/2aB0
2023-07-02,Changeling,2008,https://boxd.it/25aS
2023-07-04,The Given Word,1962,https://boxd.it/h6Y
2023-07-09,Tomboy,2011,https://boxd.it/49U
2023-07-09,The Raid 2,2014,https://boxd.it/5uz0
2023-07-22,Ad Astra,2019,https://boxd.it/ePzI
2023-07-31,Misery,1990,https://boxd.it/28gY
2023-07-31,The Place Beyond the Pines,2012,https://boxd.it/3mDu
2023-07-31,Trainspotting,1996,https://boxd.it/29XY
2023-08-02,Barry Lyndon,1975,https://boxd.it/25A2
2023-08-02,Lawrence of Arabia,1962,https://boxd.it/2wRE
2023-08-02,Metropolis,1927,https://boxd.it/71a
2023-08-08,Barren Lives,1963,https://boxd.it/29uM
2023-08-08,Hereditary,2018,https://boxd.it/hNVe
2023-08-08,Sorcerer,1977,https://boxd.it/14J6
2023-08-09,Brief Encounter,1945,https://boxd.it/29sm
2023-08-09,The Road,2009,https://boxd.it/1CWI
2023-08-15,Affliction,1997,https://boxd.it/1iAM
2023-08-17,The Long Goodbye,1973,https://boxd.it/281O
2023-08-27,Ghost,1990,https://boxd.it/2aLE
2023-08-27,Freedom Writers,2007,https://boxd.it/28p2
2023-09-14,Talk to Me,2022,https://boxd.it/C6uQ
2023-09-14,Let the Right One In,2008,https://boxd.it/1Qr0
2023-09-24,Amour,2012,https://boxd.it/34Q6
2023-09-29,First Cow,2019,https://boxd.it/krga
2023-09-29,Pain and Glory,2019,https://boxd.it/iOBQ
2023-09-29,The Wild Bunch,1969,https://boxd.it/2a5y
2023-10-02,I Know What You Did Last Summer,1997,https://boxd.it/2588
2023-10-03,Friday the 13th,1980,https://boxd.it/24fs
2023-10-04,The Fly,1986,https://boxd.it/1YIe
2023-10-04,Child's Play,1988,https://boxd.it/1VTo
2023-10-05,Repulsion,1965,https://boxd.it/1TKu
2023-10-05,I Saw the Devil,2010,https://boxd.it/FaK
2023-10-05,Funny Games,1997,https://boxd.it/1WKM
2023-10-05,The Vanishing,1988,https://boxd.it/1ZTW
2023-10-05,The Omen,1976,https://boxd.it/29By
2023-10-05,Audition,1999,https://boxd.it/1UHm
2023-10-06,Martyrs,2008,https://boxd.it/1Yqu
2023-10-07,Eyes Without a Face,1960,https://boxd.it/1j9i
2023-10-16,House,1977,https://boxd.it/1vsm
2023-10-22,Sinister,2012,https://boxd.it/2TnW
2023-10-25,Watcher,2022,https://boxd.it/uocO
2023-10-30,When Evil Lurks,2023,https://boxd.it/rXBe
2023-11-11,Aunt Virginia,2023,https://boxd.it/z0yQ
2023-11-27,Blue Velvet,1986,https://boxd.it/29BI
2023-11-27,Mulholland Drive,2001,https://boxd.it/297o
2023-11-28,Joker: Folie à Deux,2024,https://boxd.it/xBoE
2023-11-28,Deadpool & Wolverine,2024,https://boxd.it/jq8s
2023-12-04,Stalag 17,1953,https://boxd.it/29Xa
2023-12-04,Wings of Desire,1987,https://boxd.it/2b26
2023-12-08,At Midnight I'll Take Your Soul,1964,https://boxd.it/1kje
2023-12-08,The Notebook,2004,https://boxd.it/1UNE
2023-12-08,Whiplash,2014,https://boxd.it/7bQA
2023-12-16,Lovesong,2016,https://boxd.it/cSSY
2023-12-19,White Christmas,1954,https://boxd.it/1Qky
2023-12-19,Gremlins,1984,https://boxd.it/29gg
2023-12-21,A Charlie Brown Christmas,1965,https://boxd.it/1QDq
2023-12-25,A Christmas Story Christmas,2022,https://boxd.it/z1Rk
2023-12-27,American History X,1998,https://boxd.it/2bdo
2023-12-27,Big Fish,2003,https://boxd.it/2a3M
2023-12-27,Klaus,2019,https://boxd.it/ipoi
2023-12-27,Your Name Engraved Herein,2020,https://boxd.it/qWwA
2023-12-28,The Stranger,1946,https://boxd.it/1DP4
2023-12-31,Toll,2023,https://boxd.it/yQpO
2023-12-31,Phoenix,2014,https://boxd.it/7u46
2023-12-31,The Greatest Show on Earth,1952,https://boxd.it/1smA
2024-01-02,Mickey 17,2025,https://boxd.it/q1Dk
2024-01-02,Civil War,2024,https://boxd.it/z1jW
2024-01-03,The Boy and the Heron,2023,https://boxd.it/ipeM
2024-01-03,The Color Purple,2023,https://boxd.it/ksja
2024-01-03,The Way of the Wind,,https://boxd.it/mqE0
2024-01-03,Nosferatu,2024,https://boxd.it/f5eG
2024-01-03,Nosferatu,1922,https://boxd.it/29TM
2024-01-03,Juror No. 2,,https://boxd.it/FRwU
2024-01-03,Megalopolis,2024,https://boxd.it/lPBS
2024-01-03,The Godfather: Part III,1990,https://boxd.it/2aN6
2024-01-03,Moon,2009,https://boxd.it/1IGQ
2024-02-23,Cléo from 5 to 7,1962,https://boxd.it/2agm
2024-02-23,Le Bonheur,1965,https://boxd.it/xyk
2024-02-23,Rashomon,1950,https://boxd.it/2a9K
2024-02-23,Ran,1985,https://boxd.it/1Tlu
2024-02-23,Seven Samurai,1954,https://boxd.it/2axi
2024-02-23,Dreams,1990,https://boxd.it/1ROu
2024-02-23,Scenes from a Marriage,1973,https://boxd.it/rx6u
2024-02-23,Autumn Sonata,1978,https://boxd.it/1Rio
2024-02-23,Persona,1966,https://boxd.it/29B4
2024-02-23,Nashville,1975,https://boxd.it/25GE
2024-02-23,Images,1972,https://boxd.it/1nsS
2024-02-23,The Lost Weekend,1945,https://boxd.it/1pgE
2024-02-23,Ace in the Hole,1951,https://boxd.it/1vXk
2024-02-23,The Seven Year Itch,1955,https://boxd.it/1VIK
2024-02-23,Love in the Afternoon,1957,https://boxd.it/1HcK
2024-02-23,Two for the Road,1967,https://boxd.it/22AI
2024-02-23,Predator,1987,https://boxd.it/2b84
2024-02-23,AVP: Alien vs. Predator,2004,https://boxd.it/2atU
2024-02-23,Twins,1988,https://boxd.it/1YxK
2024-02-23,Conan the Barbarian,1982,https://boxd.it/1YOm
2024-02-23,The Running Man,1987,https://boxd.it/29q6
2024-02-23,The Rock,1996,https://boxd.it/1XM0
2024-02-23,The French Connection,1971,https://boxd.it/296g
2024-02-23,Rio 2,2014,https://boxd.it/5jfy
2024-02-23,Nebraska,2013,https://boxd.it/4exq
2024-02-23,Chicago,2002,https://boxd.it/28zm
2024-02-23,Arthur Christmas,2011,https://boxd.it/Cg6
2024-02-23,Shoplifters,2018,https://boxd.it/ifY6
2024-02-23,"Like Father, Like Son",2013,https://boxd.it/5rQs
2024-02-23,J. Edgar,2011,https://boxd.it/38B0
2024-02-23,Being John Malkovich,1999,https://boxd.it/2ahu
2024-02-23,"Synecdoche, New York",2008,https://boxd.it/23zw
2024-02-23,Adaptation.,2002,https://boxd.it/26mA
2024-02-23,Casino,1995,https://boxd.it/2ads
2024-02-23,The King of Comedy,1982,https://boxd.it/2aJS
2024-02-23,After Hours,1985,https://boxd.it/1VfS
2024-02-23,Raging Bull,1980,https://boxd.it/28yI
2024-02-23,The Last Temptation of Christ,1988,https://boxd.it/1ULe
2024-02-23,Bringing Out the Dead,1999,https://boxd.it/1ZZK
2024-02-23,The Peanut Butter Falcon,2019,https://boxd.it/gzu2
2024-02-23,Elevator to the Gallows,1958,https://boxd.it/294u
2024-02-23,Django,1966,https://boxd.it/1Vr0
2024-02-23,Dances with Wolves,1990,https://boxd.it/2a4K
2024-02-23,The Great Silence,1968,https://boxd.it/1ZlA
2024-02-23,Once Upon a Time in the West,1968,https://boxd.it/2az4
2024-02-23,Scent of a Woman,1992,https://boxd.it/1YAu
2024-02-23,Almost Famous,2000,https://boxd.it/29CQ
2024-02-23,Thelma & Louise,1991,https://boxd.it/28Ew
2024-02-23,Cinema Paradiso,1988,https://boxd.it/1UlA
2024-02-23,The Untouchables,1987,https://boxd.it/2b6i
2024-02-23,Body Double,1984,https://boxd.it/1TGW
2024-02-23,Blow Out,1981,https://boxd.it/1TlE
2024-02-23,Dressed to Kill,1980,https://boxd.it/1UO8
2024-02-23,Carlito's Way,1993,https://boxd.it/226e
2024-02-23,Mission: Impossible,1996,https://boxd.it/29d2
2024-02-23,Spellbound,1945,https://boxd.it/24Ji
2024-02-23,Suspicion,1941,https://boxd.it/1TNo
2024-02-23,The Birds,1963,https://boxd.it/2a6m
2024-02-23,Leaving Las Vegas,1995,https://boxd.it/2amE
2024-02-23,Earth Mama,2023,https://boxd.it/B2wQ
2024-02-23,The Name of the Rose,1986,https://boxd.it/2aUw
2024-02-23,Phenomena,1985,https://boxd.it/1o4s
2024-02-23,The Sound of Music,1965,https://boxd.it/1MLK
2024-02-23,Deep End,1970,https://boxd.it/i8m
2024-02-23,I'm Your Man,2021,https://boxd.it/tWcG
2024-02-23,IF,2024,https://boxd.it/nJwG
2024-02-23,Superman,1978,https://boxd.it/27Qm
2024-02-23,Superman II,1980,https://boxd.it/204q
2024-02-23,Mad Max,1979,https://boxd.it/1Y7i
2024-02-23,Mad Max 2,1981,https://boxd.it/1ZPg
2024-02-23,Blue Jean,2022,https://boxd.it/AHhg
2024-02-23,The Searchers,1956,https://boxd.it/25HC
2024-02-23,Dream Scenario,2023,https://boxd.it/v2h0
2024-02-23,Kiki's Delivery Service,1989,https://boxd.it/1JAY
2024-02-23,Princess Mononoke,1997,https://boxd.it/2b4w
2024-02-23,Nausicaä of the Valley of the Wind,1984,https://boxd.it/2bc6
2024-02-23,Monkey Man,2024,https://boxd.it/kvsO
2024-02-23,Final Destination 2,2003,https://boxd.it/1YSS
2024-02-24,Maurice,1987,https://boxd.it/1tZy
2024-02-24,Bingo: The King of the Mornings,2017,https://boxd.it/fcGs
2024-02-24,Afire,2023,https://boxd.it/y06K
2024-02-24,Another Round,2020,https://boxd.it/lkba
2024-02-24,Solaris,1972,https://boxd.it/2a2Y
2024-02-24,Anatomy of a Murder,1959,https://boxd.it/2baa
2024-02-24,The First Slam Dunk,2022,https://boxd.it/tt94
2024-02-24,Dogville,2003,https://boxd.it/2a8W
2024-02-24,Society of the Snow,2023,https://boxd.it/y9aw
2024-02-24,All of Us Strangers,2023,https://boxd.it/Bz3C
2024-02-24,High Plains Drifter,1973,https://boxd.it/1SOK
2024-02-24,Atonement,2007,https://boxd.it/24ui
2024-02-24,Pirates of the Caribbean: Dead Man's Chest,2006,https://boxd.it/2bfk
2024-02-27,Capote,2005,https://boxd.it/2atq
2024-02-27,In Cold Blood,1967,https://boxd.it/1G62
2024-02-27,Dog Day Afternoon,1975,https://boxd.it/29bg
2024-02-27,Dark Waters,2019,https://boxd.it/kaYu
2024-02-28,The Go-Between,1971,https://boxd.it/1b7y
2024-03-03,The Boondock Saints,1999,https://boxd.it/20gw
2024-03-03,Midnight Cowboy,1969,https://boxd.it/25Hi
2024-03-03,Rebel Without a Cause,1955,https://boxd.it/2aQu
2024-03-03,Evil Dead Rise,2023,https://boxd.it/qIvo
2024-03-05,Airplane II: The Sequel,1982,https://boxd.it/26uu
2024-03-05,Dr. Strangelove or: How I Learned to Stop Worrying and Love the Bomb,1964,https://boxd.it/29eY
2024-03-07,No Country for Old Men,2007,https://boxd.it/21ew
2024-03-07,Happiness,1998,https://boxd.it/1VEe
2024-03-09,Inside Out 2,2024,https://boxd.it/CFrC
2024-03-09,Barefoot Gen,1983,https://boxd.it/1OMK
2024-03-11,Nobody Knows,2004,https://boxd.it/26E0
2024-03-11,The Iron Claw,2023,https://boxd.it/w5Pm
2024-03-11,To Kill a Mockingbird,1962,https://boxd.it/2a2E
2024-03-12,The Quartet,1995,https://boxd.it/2fma
2024-03-12,Mass,2021,https://boxd.it/eYAA
2024-03-12,Bones and All,2022,https://boxd.it/tLd4
2024-03-12,Elle,2016,https://boxd.it/bdhq
2024-03-13,Queen Margot,1994,https://boxd.it/1Wec
2024-03-13,Fear City: A Family-Style Comedy,1994,https://boxd.it/1MOO
2024-03-15,Breakfast on Pluto,2005,https://boxd.it/28MU
2024-03-15,Bridget Jones's Diary,2001,https://boxd.it/29WQ
2024-03-15,Fast & Furious,2009,https://boxd.it/1Pnm
2024-03-15,Perfect Days,2023,https://boxd.it/ATh8
2024-03-20,Love Lies Bleeding,2024,https://boxd.it/zN4q
2024-03-21,An American in Paris,1951,https://boxd.it/26kY
2024-03-21,Les Misérables,2012,https://boxd.it/2TT4
2024-03-22,Vampyres,1974,https://boxd.it/1kmW
2024-03-26,I'm Not There,2007,https://boxd.it/24Ys
2024-03-26,The Wild Robot,2024,https://boxd.it/IWFy
2024-03-26,Erin Brockovich,2000,https://boxd.it/2al2
2024-03-27,Honkytonk Man,1982,https://boxd.it/17cO
2024-03-28,Dark Star,1974,https://boxd.it/28Ow
2024-03-28,Planet of the Vampires,1965,https://boxd.it/1HQg
2024-03-28,Romeo + Juliet,1996,https://boxd.it/2ama
2024-03-28,She's the Man,2006,https://boxd.it/1Y7W
2024-03-30,Frank,2014,https://boxd.it/5hII
2024-04-04,The Settlers,2023,https://boxd.it/Boyu
2024-04-04,White Heat,1949,https://boxd.it/1Lw0
2024-04-05,Murder on the Orient Express,1974,https://boxd.it/24IY
2024-04-06,"The Boy, the Mole, the Fox and the Horse",2022,https://boxd.it/BBT6
2024-04-07,The Cranes Are Flying,1957,https://boxd.it/169Y
2024-04-12,The Tragedy of Macbeth,2021,https://boxd.it/lMi4
2024-04-14,Little Shop of Horrors,1986,https://boxd.it/1Vqm
2024-04-14,"Planes, Trains and Automobiles",1987,https://boxd.it/26zE
