Date,Content
2020-10-20,https://boxd.it/1nqt9X
2020-10-25,https://boxd.it/oSqZ
2020-12-06,https://boxd.it/1uwJ4J
2020-12-09,https://boxd.it/1uFF5h
2020-12-27,https://boxd.it/1w0XjR
2020-12-29,https://boxd.it/1uX8SV
2020-12-29,https://boxd.it/1uYL8T
2021-01-07,https://boxd.it/1qS1oj
2021-01-10,https://boxd.it/1xe2wL
2021-01-11,https://boxd.it/1zAiSP
2021-01-13,https://boxd.it/190U3p
2021-01-16,https://boxd.it/FN5xr
2021-01-18,https://boxd.it/1x6qk9
2021-02-15,https://boxd.it/1ERiLj
2021-02-16,https://boxd.it/1iKi4H
2021-02-16,https://boxd.it/1iBeDP
2021-02-22,https://boxd.it/1G14Nz
2021-03-02,https://boxd.it/iJUH3
2021-03-29,https://boxd.it/Uhx31
2021-05-03,https://boxd.it/itPwx
2021-05-03,https://boxd.it/mvUdZ
2021-05-08,https://boxd.it/4LUDt
2021-05-27,https://boxd.it/gilMF
2021-07-15,https://boxd.it/1ZFktL
2021-07-16,https://boxd.it/1DfTst
2021-07-17,https://boxd.it/1ZWOYN
2021-08-01,https://boxd.it/kbJez
2021-08-02,https://boxd.it/222lm1
2021-08-02,https://boxd.it/1d5GBj
2021-08-02,https://boxd.it/1rp0Zf
2021-08-09,https://boxd.it/TVp4h
2021-08-09,https://boxd.it/cIt1t
2021-08-09,https://boxd.it/2UQoz
2021-08-30,https://boxd.it/1cKkMx
2021-09-02,https://boxd.it/26Ra3v
2021-09-04,https://boxd.it/2752J7
2021-09-07,https://boxd.it/25wF3Z
2021-09-17,https://boxd.it/DgY5D
2021-09-17,https://boxd.it/ekr1L
2021-09-17,https://boxd.it/28GS8v
2021-09-17,https://boxd.it/1jfwAT
2021-09-17,https://boxd.it/1UYIg5
2021-09-23,https://boxd.it/tcjjL
2021-09-27,https://boxd.it/2a8jCl
2021-09-30,https://boxd.it/28NgHV
2021-10-05,https://boxd.it/uWfWZ
2021-10-05,https://boxd.it/wfygP
2021-10-06,https://boxd.it/1s5j8N
2021-10-06,https://boxd.it/2bvVyr
2021-10-07,https://boxd.it/tWjBR
2021-10-07,https://boxd.it/1nO91d
2021-10-11,https://boxd.it/1uiokX
2021-10-11,https://boxd.it/2axztz
2021-10-11,https://boxd.it/2axiD3
2021-10-11,https://boxd.it/2aUNvZ
2021-10-11,https://boxd.it/2aSiwX
2021-10-12,https://boxd.it/2b8P37
2021-10-12,https://boxd.it/xY8LB
2021-10-12,https://boxd.it/1r2Ser
2021-10-13,https://boxd.it/1kV6NP
2021-10-13,https://boxd.it/1iJMgL
2021-10-16,https://boxd.it/2cW0NH
2021-10-16,https://boxd.it/282BRD
2021-10-24,https://boxd.it/2c4xYv
2021-10-25,https://boxd.it/LoBDl
2021-10-25,https://boxd.it/1RzB29
2021-10-25,https://boxd.it/1hCNtt
2021-11-01,https://boxd.it/2ebFjx
2021-11-01,https://boxd.it/28NEvT
2021-11-06,https://boxd.it/2gmYPR
2021-11-07,https://boxd.it/ovBo3
2021-11-22,https://boxd.it/W1oaN
2021-11-22,https://boxd.it/1squFF
2021-11-22,https://boxd.it/1eQkqB
2021-11-22,https://boxd.it/EnGaX
2021-11-26,https://boxd.it/2jqs03
2021-11-29,https://boxd.it/2e0V5p
2021-12-02,https://boxd.it/ULxkr
2021-12-02,https://boxd.it/29QxMX
2021-12-06,https://boxd.it/fXYQT
2021-12-06,https://boxd.it/119Rsn
2021-12-06,https://boxd.it/19xqmR
2021-12-09,https://boxd.it/mA6a7
2021-12-09,https://boxd.it/zSo4z
2021-12-09,https://boxd.it/mEU8N
2021-12-12,https://boxd.it/2i0ann
2021-12-25,https://boxd.it/2lC3sD
2021-12-25,https://boxd.it/2kg9lF
2022-01-09,https://boxd.it/2qw8Dp
2022-01-13,https://boxd.it/Fnrzd
2022-01-13,https://boxd.it/ZcgyV
2022-01-13,https://boxd.it/2tpA3x
2022-01-13,https://boxd.it/2toVLX
2022-01-14,https://boxd.it/1lBX3T
2022-01-14,https://boxd.it/2cpFch
2022-01-17,https://boxd.it/2igUDX
2022-01-17,https://boxd.it/1sJBVX
2022-01-21,https://boxd.it/2vhzln
2022-01-23,https://boxd.it/zIOov
2022-01-31,https://boxd.it/p92oH
2022-01-31,https://boxd.it/2xfAqH
2022-01-31,https://boxd.it/2xbusJ
2022-01-31,https://boxd.it/2r1S4x
2022-02-06,https://boxd.it/2hqRhv
2022-03-06,https://boxd.it/2DneJ3
2022-03-09,https://boxd.it/2DcIYb
2022-03-10,https://boxd.it/1ruAWL
2022-04-08,https://boxd.it/2IA8wX
2022-04-11,https://boxd.it/445Sr
2022-04-11,https://boxd.it/cUooh
2022-04-25,https://boxd.it/2Fussd
2022-04-25,https://boxd.it/2ExtLx
2022-05-09,https://boxd.it/HOtBd
2022-05-09,https://boxd.it/1DiV6b
2022-05-09,https://boxd.it/17hXpp
2022-05-09,https://boxd.it/I0OnF
2022-05-09,https://boxd.it/I64aR
2022-05-13,https://boxd.it/2KVmdv
2022-05-13,https://boxd.it/2MfgxN
2022-05-13,https://boxd.it/2KZbgB
2022-05-13,https://boxd.it/2JdUiR
2022-05-17,https://boxd.it/2jjJv
2022-05-17,https://boxd.it/QXQzN
2022-05-17,https://boxd.it/1OoVRR
2022-06-05,https://boxd.it/2TNO0f
2022-06-23,https://boxd.it/1HKp1P
2022-06-23,https://boxd.it/wl2Iz
2022-08-03,https://boxd.it/2MJ7rV
2022-08-11,https://boxd.it/WpH1N
2022-08-11,https://boxd.it/hVZv7
2022-08-15,https://boxd.it/jLNtB
2022-08-15,https://boxd.it/vYdPb
2022-09-23,https://boxd.it/3fEbaF
2022-11-02,https://boxd.it/3hErbH
2022-11-08,https://boxd.it/3er1Jb
2022-11-08,https://boxd.it/3epenD
2022-11-08,https://boxd.it/3fhFf5
2022-11-08,https://boxd.it/3egr4h
2022-11-12,https://boxd.it/3ihMKL
2022-11-12,https://boxd.it/3iPlij
2022-11-12,https://boxd.it/3iTTwH
2022-11-12,https://boxd.it/3iw5yR
2022-11-12,https://boxd.it/3jGDK7
2022-11-14,https://boxd.it/13ckZH
2022-11-14,https://boxd.it/aLIW3
2022-12-08,https://boxd.it/3gKNUd
2022-12-08,https://boxd.it/3kANuP
2022-12-08,https://boxd.it/3pSw7F
2022-12-21,https://boxd.it/m0QZX
2022-12-21,https://boxd.it/cGgat
2022-12-21,https://boxd.it/kXnIj
2022-12-21,https://boxd.it/1uGn69
2022-12-21,https://boxd.it/1QFgM9
2022-12-30,https://boxd.it/3BBvv1
2023-01-07,https://boxd.it/3ENKaN
2023-01-09,https://boxd.it/h9oGh
2023-01-09,https://boxd.it/cw7AR
2023-01-09,https://boxd.it/77mHX
2023-01-09,https://boxd.it/8lQ81
2023-01-27,https://boxd.it/m7ZL5
2023-01-28,https://boxd.it/2JLDV1
2023-01-31,https://boxd.it/3N3aAf
2023-02-02,https://boxd.it/lobsn
2023-02-02,https://boxd.it/1obQuj
2023-02-02,https://boxd.it/2I9D89
2023-02-14,https://boxd.it/3R28dH
2023-02-16,https://boxd.it/ZnPJr
2023-02-16,https://boxd.it/ZqPzR
2023-02-23,https://boxd.it/3Rai1R
2023-02-23,https://boxd.it/3RLI6x
2023-02-23,https://boxd.it/3RalVX
2023-02-23,https://boxd.it/3RrQ61
2023-02-23,https://boxd.it/3RasJJ
2023-02-23,https://boxd.it/3R4mfB
2023-02-26,https://boxd.it/3UrjIX
2023-02-27,https://boxd.it/fG2E7
2023-03-03,https://boxd.it/3VDX5f
2023-04-21,https://boxd.it/S2Kf7
2023-05-05,https://boxd.it/GPd4v
2023-05-07,https://boxd.it/4bgLa1
2023-05-07,https://boxd.it/4b2vdl
2023-06-20,https://boxd.it/4n1erL
2023-07-01,https://boxd.it/4rLKA9
2023-07-19,https://boxd.it/4xzV23
2023-08-01,https://boxd.it/4CgYdv
2023-08-10,https://boxd.it/4FA2z1
2023-08-30,https://boxd.it/4JoNsN
2023-08-30,https://boxd.it/4I6l2H
2023-09-04,https://boxd.it/NzEv5
2023-09-11,https://boxd.it/f6DMb
2023-09-14,https://boxd.it/4Q86KF
2023-09-14,https://boxd.it/2UOxFh
2023-09-16,https://boxd.it/4MiXTp
2023-09-29,https://boxd.it/4Uublv
2023-10-02,https://boxd.it/361dNl
2023-10-03,https://boxd.it/3efAS9
2023-10-05,https://boxd.it/wvmBD
2023-10-05,https://boxd.it/4WtNb5
2023-10-15,https://boxd.it/4Zo68J
2023-10-20,https://boxd.it/1BoIvL
2023-10-21,https://boxd.it/51nL3V
2023-10-25,https://boxd.it/52YM3F
2023-10-25,https://boxd.it/536Vmd
2023-11-06,https://boxd.it/57iynd
2023-11-14,https://boxd.it/57UWKh
2023-11-16,https://boxd.it/pCzah
2023-11-16,https://boxd.it/gGzpN
2023-11-16,https://boxd.it/3IvWsJ
2023-11-17,https://boxd.it/YLmc3
2023-11-20,https://boxd.it/5aeEbr
2023-11-20,https://boxd.it/5ag8vD
2023-11-20,https://boxd.it/5a6Z3H
2023-11-25,https://boxd.it/5d4OOv
2023-12-05,https://boxd.it/5gD5yJ
2023-12-08,https://boxd.it/ux9hh
2023-12-08,https://boxd.it/2Dz2d9
2023-12-08,https://boxd.it/5hpcRp
2023-12-11,https://boxd.it/5iQzbT
2023-12-22,https://boxd.it/3vR9Mn
2023-12-22,https://boxd.it/1sqSEV
2023-12-23,https://boxd.it/5nbjUB
2023-12-25,https://boxd.it/5aaYxz
2024-01-04,https://boxd.it/4YXWjZ
2024-01-05,https://boxd.it/5fv5NT
2024-01-05,https://boxd.it/4Pu2s3
2024-01-07,https://boxd.it/5vEmnv
2024-01-07,https://boxd.it/5vAeal
2024-01-07,https://boxd.it/5wpuKr
2024-01-09,https://boxd.it/p5CvV
2024-01-11,https://boxd.it/56p7Jr
2024-01-11,https://boxd.it/56lw9b
2024-01-11,https://boxd.it/55UwUn
2024-01-12,https://boxd.it/m1TLh
2024-01-12,https://boxd.it/pleCZ
2024-01-13,https://boxd.it/1ByYtB
2024-01-17,https://boxd.it/gxaYv
2024-01-17,https://boxd.it/1a1cF1
2024-01-18,https://boxd.it/5gzqo3
2024-01-18,https://boxd.it/4GPhPx
2024-01-18,https://boxd.it/5jaIYb
2024-01-25,https://boxd.it/50HuCv
2024-01-27,https://boxd.it/1k8hM1
2024-01-27,https://boxd.it/5GMeH3
2024-01-29,https://boxd.it/4Qn5k7
2024-01-29,https://boxd.it/5545cJ
2024-01-29,https://boxd.it/4AUOLz
2024-01-31,https://boxd.it/b0HYx
2024-01-31,https://boxd.it/2PeA9B
2024-01-31,https://boxd.it/1QAHx1
2024-02-01,https://boxd.it/LV54z
2024-02-01,https://boxd.it/5JA4il
2024-02-02,https://boxd.it/4MOfWD
2024-02-02,https://boxd.it/5jglCN
2024-02-02,https://boxd.it/4N0KRt
2024-02-04,https://boxd.it/SsFvL
2024-02-14,https://boxd.it/1qoj9V
2024-02-14,https://boxd.it/tn8N3
2024-02-14,https://boxd.it/1J8gex
2024-02-14,https://boxd.it/5Ps7sV
2024-02-19,https://boxd.it/2Wlyz5
2024-02-19,https://boxd.it/2XX0av
2024-02-19,https://boxd.it/12rn83
2024-02-21,https://boxd.it/2BF0SD
2024-02-22,https://boxd.it/2SBgfd
2024-02-24,https://boxd.it/5U1DIH
2024-03-04,https://boxd.it/5V8wWv
2024-03-04,https://boxd.it/5Vbpyd
2024-03-04,https://boxd.it/5WLYQd
2024-03-04,https://boxd.it/5V76Bf
2024-03-06,https://boxd.it/5XGXnX
2024-03-08,https://boxd.it/5ZEYyB
2024-03-10,https://boxd.it/60JEhf
2024-03-11,https://boxd.it/5MBt7h
2024-03-11,https://boxd.it/5tI5ln
2024-03-11,https://boxd.it/4P0kTr
2024-03-11,https://boxd.it/5TZFxR
2024-03-17,https://boxd.it/649CzP
2024-03-17,https://boxd.it/649Nxb
2024-03-17,https://boxd.it/2kGlR1
2024-03-20,https://boxd.it/65x8op
2024-03-30,https://boxd.it/5Jra55
2024-03-30,https://boxd.it/5N2tij
2024-04-04,https://boxd.it/6cHAxR
2024-04-04,https://boxd.it/5SRuOd
2024-04-04,https://boxd.it/paU6J
2024-04-05,https://boxd.it/6cYyT1
2024-04-07,https://boxd.it/6dU8Sx
2024-04-07,https://boxd.it/1yt9YV
2024-04-09,https://boxd.it/aHTFT
2024-04-09,https://boxd.it/MAeDF
2024-04-10,https://boxd.it/6foeLV
2024-04-14,https://boxd.it/Il3Qd
2024-04-14,https://boxd.it/MqcmR
